date,number of commits
2024-04-14,1-4
2024-04-15,1-4
2024-04-16,1-4
2024-04-17,1-4
2024-04-18,1-4
2024-04-19,1-4
2024-04-20,1-4
2024-04-21,1-4
2024-04-22,more than 5
2024-04-23,more than 5
2024-04-24,more than 5
2024-04-25,more than 5
2024-04-26,more than 5
2024-04-27,1-4
2024-04-28,1-4
2024-04-29,more than 5
2024-04-30,1-4
2024-05-01,1-4
2024-05-02,1-4
2024-05-03,more than 5
2024-05-04,1-4
2024-05-05,1-4
2024-05-06,more than 5
2024-05-07,1-4
2024-05-08,1-4
2024-05-09,1-4
2024-05-10,more than 5
2024-05-11,1-4
2024-05-12,1-4
2024-05-13,1-4
2024-05-14,1-4
2024-05-15,1-4
2024-05-16,1-4
2024-05-17,1-4
2024-05-18,1-4
2024-05-19,1-4
2024-05-20,more than 5
2024-05-21,more than 5
2024-05-22,more than 5
2024-05-23,more than 5
2024-05-24,more than 5
2024-05-25,1-4
2024-05-26,1-4
2024-05-27,more than 5
2024-05-28,1-4
2024-05-29,more than 5
2024-05-30,more than 5
2024-05-31,1-4
2024-06-01,1-4
2024-06-02,1-4
2024-06-03,more than 5
2024-06-04,more than 5
2024-06-05,more than 5
2024-06-06,1-4
2024-06-07,more than 5
2024-06-08,1-4
2024-06-09,1-4
2024-06-10,1-4
2024-06-11,1-4
2024-06-12,1-4
2024-06-13,1-4
2024-06-14,1-4
2024-06-15,1-4
2024-06-16,1-4
2024-06-17,more than 5
2024-06-18,more than 5
2024-06-19,more than 5
2024-06-20,1-4
2024-06-21,more than 5
2024-06-22,1-4
2024-06-23,1-4
2024-06-24,1-4
2024-06-25,1-4
2024-06-26,more than 5
2024-06-27,1-4
2024-06-28,more than 5
2024-06-29,1-4
2024-06-30,1-4
2024-07-01,more than 5
2024-07-02,more than 5
2024-07-03,more than 5
2024-07-04,more than 5
2024-07-05,more than 5
2024-07-06,1-4
2024-07-07,1-4
2024-07-08,1-4
2024-07-09,1-4
2024-07-10,1-4
2024-07-11,1-4
2024-07-12,1-4
2024-07-13,1-4
2024-07-14,1-4
2024-07-15,more than 5
2024-07-16,more than 5
2024-07-17,more than 5
2024-07-18,1-4
2024-07-19,more than 5
2024-07-20,1-4
2024-07-21,1-4
2024-07-22,more than 5
2024-07-23,1-4
2024-07-24,more than 5
2024-07-25,1-4
2024-07-26,more than 5
2024-07-27,1-4
2024-07-28,1-4
2024-07-29,more than 5
2024-07-30,1-4
2024-07-31,more than 5
2024-08-01,more than 5
2024-08-02,more than 5
2024-08-03,1-4
2024-08-04,1-4
2024-08-05,1-4
2024-08-06,1-4
2024-08-07,1-4
2024-08-08,1-4
2024-08-09,1-4
2024-08-10,1-4
2024-08-11,1-4
2024-08-12,more than 5
2024-08-13,1-4
2024-08-14,1-4
2024-08-15,1-4
2024-08-16,1-4
2024-08-17,1-4
2024-08-18,1-4
2024-08-19,more than 5
2024-08-20,more than 5
2024-08-21,more than 5
2024-08-22,more than 5
2024-08-23,more than 5
2024-08-24,1-4
2024-08-25,1-4
2024-08-26,more than 5
2024-08-27,1-4
2024-08-28,1-4
2024-08-29,1-4
2024-08-30,1-4
2024-08-31,1-4
2024-09-01,1-4
2024-09-02,1-4
2024-09-03,1-4
2024-09-04,1-4
2024-09-05,1-4
2024-09-06,1-4
2024-09-07,1-4
2024-09-08,1-4
2024-09-09,more than 5
2024-09-10,more than 5
2024-09-11,more than 5
2024-09-12,more than 5
2024-09-13,more than 5
2024-09-14,1-4
2024-09-15,1-4
2024-09-16,more than 5
2024-09-17,1-4
2024-09-18,more than 5
2024-09-19,1-4
2024-09-20,1-4
2024-09-21,1-4
2024-09-22,1-4
2024-09-23,more than 5
2024-09-24,more than 5
2024-09-25,more than 5
2024-09-26,more than 5
2024-09-27,more than 5
2024-09-28,1-4
2024-09-29,1-4
2024-09-30,1-4
2024-10-01,1-4
2024-10-02,1-4
2024-10-03,1-4
2024-10-04,1-4
2024-10-05,1-4
2024-10-06,1-4
2024-10-07,more than 5
2024-10-08,more than 5
2024-10-09,more than 5
2024-10-10,more than 5
2024-10-11,more than 5
2024-10-12,1-4
2024-10-13,1-4
2024-10-14,1-4
2024-10-15,1-4
2024-10-16,1-4
2024-10-17,1-4
2024-10-18,more than 5
2024-10-19,1-4
2024-10-20,1-4
2024-10-21,1-4
2024-10-22,1-4
2024-10-23,1-4
2024-10-24,1-4
2024-10-25,more than 5
2024-10-26,1-4
2024-10-27,1-4
2024-10-28,1-4
2024-10-29,1-4
2024-10-30,1-4
2024-10-31,1-4
2024-11-01,1-4
2024-11-02,1-4
